{
	"Humboldtstr 116. Bremen" : [
		53.074688,
		8.831276
	],
	"Humboldtstr 64. Bremen" : [
		53.074792,
		8.827885
	],
	"Humboldtstr 21-45. Bremen" : [
		53.075153,
		8.824753
	],
	"Auf den Häfen 99-103" : [
		53.075494,
		8.821212
	],
	"Torstr. 89 (10119), Prenzlauer Berg, Berlin" : [
		52.4901045,
		13.3289511
	],
	"Alexanderstraße/Holzmarktstraße 75 (10179), Mitte, Berlin" : [
		52.4901045,
		13.3289511
	],
	"Lebuser Str./ karl-Marx-Allee (10243), Friedrichshain, Berlin" : [
		52.5176760,
		13.4404160
	],
	"Mollstr. 33 (10178), Prenzlauer Berg, Berlin" : [
		52.5256070,
		13.4192740
	],
	"Flensburger / Ecke Lessingstr. 9 (10555), Hansaviertel, Berlin" : [
		52.5206830,
		13.3412790
	],
	"Hirtenstr. / Karl Liebknecht Str. (10178), Mitte, Berlin" : [
		52.51958,
		13.40273
	],
	"Hartmannsweiler Weg 58 (14163), Zehlendorf, Berlin" : [
		52.444087,
		13.246327
	],
	"Bamberger Str. 37 (10779), Schöneberg, Berlin" : [
		52.4904,
		13.33719
	],
	"Bamberger Str. 52 (10777), Schöneberg, Berlin" : [
		52.495264,
		13.337628
	],
	"Bamberger Str. 55 (10777), Schöneberg, Berlin" : [
		52.496302,
		13.337557
	],
	"Laubacher Str. 28 (14197), Friedenau, Berlin" : [
		52.476946,
		13.320625
	],
	"Söthstr. 2 (12203), Lichterfelde, Berlin" : [
		52.436593,
		13.311021
	],
	"Haßlinger Weg 9 (13409), Reinickendorf, Berlin" : [
		52.559633,
		13.366348
	],
	"Kol. Vor den Toren (13629), Tegel, Berlin" : [
		52.549334,
		13.292062
	],
	"Saturnstraße 1/Ecke Nordlichtstr.41 (13405), Reinickendorf, Berlin" : [
		52.564438,
		13.320738
	],
	"Torstraße 75 (10119), Prenzlauer Berg, Berlin" : [
		52.52948,
		13.407088
	],
	"Heinrich-Roller-Sraße 10 (10405), Prenzlauer Berg, Berlin" : [
		52.5297,
		13.42455
	],
	"Joachim-Friedrich-Str. 20, Wilmersdorf, Berlin" : [
		52.499288,
		13.296882
	],
	"Königin-Elisabeth-Str. 58 (14059), Charlottenburg, Berlin" : [
		52.51766,
		13.281057
	],
	"Stormstr. 10, Charlottenburg, Berlin" : [
		52.511971,
		13.271103
	],
	"Eschenallee 13 A (14050), Charlottenburg, Berlin" : [
		52.51696,
		13.26778
	],
	"Leonhardtstr. 10 (14057), Charlottenburg, Berlin" : [
		52.505505,
		13.296884
	],
	"Lietzenseeufer 7 (14057), Charlottenburg, Berlin" : [
		52.507655,
		13.291602
	],
	"Joachimstaler Str. 5, Charlottenburg, Berlin" : [
		52.504462,
		13.33101
	],
	"Württembergallee 10 (14052), Charlottenburg, Berlin" : [
		52.512031,
		13.2626
	],
	"Brixplatz 6, Charlottenburg, Berlin" : [
		52.5196,
		13.25442
	],
	"Reichsstr. 106 (14052), Charlottenburg, Berlin" : [
		52.510529,
		13.27033
	],
	"Leistikowstr. 2 (14050), Charlottenburg, Berlin" : [
		52.513322,
		13.268175
	],
	"Falterweg 11 (14055), Charlottenburg, Berlin" : [
		52.490705,
		13.26019
	],
	"Zikadenweg 39 (14055), Charlottenburg, Berlin" : [
		52.496048,
		13.264834
	],
	"Zikadenweg 39 (14055), Charlottenburg, Berlin" : [
		52.496048,
		13.264834
	],
	"Niebuhrstr. 58 (10629), Halensee, Berlin" : [
		52.504527,
		13.309299
	],
	"Hektorstr. 20, Wilmersdorf, Berlin" : [
		52.498913,
		13.297305
	],
	"Falterweg 13 (14055), Charlottenburg, Berlin" : [
		52.490829,
		13.260295
	],
	"Lietzenseeufer 5 (14057), Charlottenburg, Berlin" : [
		52.50738,
		13.29097
	],
	"Kiefernweg 8, Charlottenburg, Berlin" : [
		52.493677,
		13.264581
	],
	"Hektorstr. 9 , Wilmersdorf, Berlin" : [
		52.50059,
		13.29824
	],
	"Zikadenweg 49 (14055), Charlottenburg, Berlin" : [
		52.496355,
		13.265175
	],
	"Joachim-Friedrich-Str. 43, Wilmersdorf, Berlin" : [
		52.49837,
		13.296644
	],
	"Lärchenweg 33 (14055), Charlottenburg, Berlin" : [
		52.497052,
		13.265535
	],
	"Hektorstr. 18, Wilmersdorf, Berlin" : [
		52.498913,
		13.297305
	],
	"Johann-Georg-Str. 15, Wilmersdorf, Berlin" : [
		52.497135,
		13.296832
	],
	"Hölderlinstr. 11, Charlottenburg, Berlin" : [
		52.510521,
		13.272733
	],
	"Joachimstaler Str. 12, Charlottenburg, Berlin" : [
		52.502766,
		13.330584
	],
	"Im Hornisgrund 17, Charlottenburg, Berlin" : [
		52.491334,
		13.260073
	],
	"Hektorstr. 2, Wilmersdorf, Berlin" : [
		52.498949,
		13.298095
	],
	"Zikadenweg 51, Charlottenburg, Berlin" : [
		52.496478,
		13.265369
	],
	"Sensburger Allee 23, Charlottenburg, Berlin" : [
		52.510093,
		13.253277
	],
	"Johann-Georg-Str. 20, Wilmersdorf, Berlin" : [
		52.49643,
		13.29778
	],
	"Lange Straße 25   (10243), Friedrichshain, Berlin" : [
		52.512893,
		13.430297
	],
	"Schleswiger Str. 2 (10555), Hansaviertel, Berlin" : [
		52.51735,
		13.336342
	],
	"Joachim-Friedrich-Str. 49, Wilmersdorf, Berlin" : [
		52.49648,
		13.2957
	],
	"Johann-Georg-Str. 20 (10709), Wilmersdorf, Berlin" : [
		52.49643,
		13.29778
	],
	"Ahornallee 10 (14050), Charlottenburg, Berlin" : [
		52.51545,
		13.27609
	],
	"Alte Allee 17 (14055), Charlottenburg, Berlin" : [
		52.492474,
		13.26239
	],
	"Eichenallee 3 (14050), Charlottenburg, Berlin" : [
		52.51549,
		13.27574
	],
	"Hektorstr. 13, Wilmersdorf, Berlin" : [
		52.50048,
		13.29753
	],
	"Joachim-Friedrich-Str. 42, Wilmersdorf, Berlin" : [
		52.49888,
		13.29605
	],
	"Koenigsalle 34 (14193), Grunewald, Berlin" : [
		52.486166,
		13.271005
	],
	"Lietzenseeufer 1 (14057), Charlottenburg, Berlin" : [
		52.506941,
		13.289233
	],
	"Lyckallee 28 (14055), Charlottenburg, Berlin" : [
		52.506233,
		13.248802
	],
	"Markgraf-Albrecht-Str. 15 (10711), Wilmersdorf, Berlin" : [
		52.498949,
		13.298733
	],
	"Markgraf-Albrecht-Str. 3 (10711), Wilmersdorf, Berlin" : [
		52.499417,
		13.299283
	],
	"Markgraf-Albrecht-Str. 4 (10711), Wilmersdorf, Berlin" : [
		52.49961,
		13.29936
	],
	"Markgraf-Albrecht-Str. 5 (10711), Wilmersdorf, Berlin" : [
		52.499787,
		13.299484
	],
	"Markgraf-Albrecht-Str. 6 (10711), Wilmersdorf, Berlin" : [
		52.499985,
		13.299505
	],
	"Markgraf-Albrecht-Str. 8 (10711), Wilmersdorf, Berlin" : [
		52.50046,
		13.298816
	],
	"Nürnberger Str. 33-34 / Ecke Schaperstr. 1 (10719), Wilmersdorf, Berlin" : [
		52.499039,
		13.334356
	],
	"Kastanienallee 39 (14050), Charlottenburg, Berlin" : [
		52.518046,
		13.272403
	],
	"Hektorstr. 5 (10711), Wilmersdorf, Berlin" : [
		52.49976,
		13.29826
	],
	"Trendelenburgstr. 17 (14057), Charlottenburg, Berlin" : [
		52.506269,
		13.291417
	],
	"Josef-Orlopp-Straße 50 (10365), Lichtenberg, Berlin" : [
		52.523133,
		13.488826
	],
	"Fregestr. 58 (12159), Schöneberg, Berlin" : [
		52.468157,
		13.33693
	],
	"Fregestr. 71 (12159), Schöneberg, Berlin" : [
		52.470599,
		13.337363
	],
	"Fregestr. 78 (12159), Schöneberg, Berlin" : [
		52.47253,
		13.337454
	],
	"Bamberger Str. 58 (10777), Schöneberg, Berlin" : [
		52.49692,
		13.33782
	],
	"Hektorstraße 3 (10711), Wilmersdorf, Berlin" : [
		52.49931,
		13.297875
	],
	"Bachstraße 1-2 (10555), Moabit, Berlin" : [
		52.518196,
		13.339035
	],
	"Claudiusstraße 5 (10557), Moabit, Berlin" : [
		52.52138,
		13.34537
	],
	"Spanische Allee 8+10 (14129), Zehlendorf, Berlin" : [
		52.43024,
		13.22064
	],
	"Reifträgerweg 19 (14129), Zehlendorf, Berlin" : [
		52.43616,
		13.21279
	],
	"Brauhofstr.6 (10587), Wilmersdorf, Berlin" : [
		52.51911,
		13.303682
	],
	"Joachimstaler Str. 22 (10719), Charlottenburg, Berlin" : [
		52.50056,
		13.33042
	],
	"Friedbergstr. 10 (14057), Charlottenburg, Berlin" : [
		52.5046,
		13.296846
	],
	"Friedbergstr. 34 (14057), Charlottenburg, Berlin" : [
		52.503967,
		13.292931
	],
	"Tuchloskystraße 41 (10117), Mitte, Berlin" : [
		52.526986,
		13.393007
	],
	"Friedbergstr. 26 (14057), Charlottenburg, Berlin" : [
		52.5042,
		13.29393
	],
	"Georg-Wilhelm-Straße 3 (10711), Wilmersdorf, Berlin" : [
		52.498107,
		13.290643
	],
	"Holsteiner Ufer 9 (10557), Moabit, Berlin" : [
		52.522564,
		13.343095
	],
	"Hagenstaße 19 (14193), Grunewald, Berlin" : [
		52.481121,
		13.268126
	],
	"Williblad-Alexis-Straße 39 (10965), Kreuzberg, Berlin" : [
		52.487313,
		13.395408
	],
	"Mommsenstraße 60 (10629), Wilmersdorf, Berlin" : [
		52.50301,
		13.31476
	],
	"Bastianstraße 11 (13357), Wedding, Berlin" : [
		52.550464,
		13.379951
	],
	"Ulmenallee 29 (14050), Charlottenburg, Berlin" : [
		52.51772,
		13.26932
	],